dataset,E,A,p,silhouette_score,davies_bouldin_score,calinski_harabasz_score,n_clusters_found,method,inertia,error,combination
Circles,Euclidean,Mean,,0.35323019761236274,1.1751769631284947,174.9430452192976,2,Standard_KMeans,378.0582076581607,,Standard_KMeans
Circles,E_LK,A2,0.1,0.30105012833294065,0.7385224485595892,403.5778640995945,2,Fuzzy_Equivalence,,,E_LK_A2_p0.1
Circles,E_LK,A2,1.0,0.29804533835245234,0.6865377858868629,434.0503813648106,2,Fuzzy_Equivalence,,,E_LK_A2_p1.0
Circles,E_LK,A2,4.0,0.32004785740802505,0.5623349944486504,529.5511350324813,2,Fuzzy_Equivalence,,,E_LK_A2_p4.0
Circles,E_LK,A3,,0.23369221766237597,0.997395650506655,305.38257864881547,2,Fuzzy_Equivalence,,,E_LK_A3
Circles,E_LK,A4,,0.42419572538348355,0.3756799212670702,775.7113136915981,2,Fuzzy_Equivalence,,,E_LK_A4
Circles,E_GG,A2,0.1,0.0024373852109036732,1.9895731664307958,299.41167068420486,2,Fuzzy_Equivalence,,,E_GG_A2_p0.1
Circles,E_GG,A2,1.0,0.10579755049747887,1.3255373492730167,334.7294751293741,2,Fuzzy_Equivalence,,,E_GG_A2_p1.0
Circles,E_GG,A2,4.0,0.22803351055006682,0.8707454457789207,390.31313109132185,2,Fuzzy_Equivalence,,,E_GG_A2_p4.0
Circles,E_GG,A3,,0.0,inf,0.0,1,Fuzzy_Equivalence,,,E_GG_A3
Circles,E_GG,A4,,0.31673614848859427,0.657232547419853,443.3845957118952,2,Fuzzy_Equivalence,,,E_GG_A4
Circles,E_GD,A2,0.1,0.0024373852109036732,1.9895731664307958,299.41167068420486,2,Fuzzy_Equivalence,,,E_GD_A2_p0.1
Circles,E_GD,A2,1.0,0.10579755049747887,1.3255373492730167,334.7294751293741,2,Fuzzy_Equivalence,,,E_GD_A2_p1.0
Circles,E_GD,A2,4.0,0.22803351055006682,0.8707454457789207,390.31313109132185,2,Fuzzy_Equivalence,,,E_GD_A2_p4.0
Circles,E_GD,A3,,0.0,inf,0.0,1,Fuzzy_Equivalence,,,E_GD_A3
Circles,E_GD,A4,,0.31673614848859427,0.657232547419853,443.3845957118952,2,Fuzzy_Equivalence,,,E_GD_A4
Circles,E_FD,A2,0.1,0.3010501283329407,0.7385224485595892,403.5778640995945,2,Fuzzy_Equivalence,,,E_FD_A2_p0.1
Circles,E_FD,A2,1.0,0.29804533835245234,0.6865377858868629,434.0503813648106,2,Fuzzy_Equivalence,,,E_FD_A2_p1.0
Circles,E_FD,A2,4.0,0.32004785740802505,0.5623349944486504,529.5511350324813,2,Fuzzy_Equivalence,,,E_FD_A2_p4.0
Circles,E_FD,A3,,0.23369221766237597,0.997395650506655,305.38257864881547,2,Fuzzy_Equivalence,,,E_FD_A3
Circles,E_FD,A4,,0.42419572538348355,0.3756799212670702,775.7113136915981,2,Fuzzy_Equivalence,,,E_FD_A4
Circles,E_LK_R,A2,0.1,0.20717530722153835,1.1725561241802052,381.2560882542223,2,Fuzzy_Equivalence,,,E_LK_R_A2_p0.1
Circles,E_LK_R,A2,1.0,0.2226940745377442,1.0521773414218458,424.76234947278,2,Fuzzy_Equivalence,,,E_LK_R_A2_p1.0
Circles,E_LK_R,A2,4.0,0.2815752640899594,0.8422787227865465,530.1166263469931,2,Fuzzy_Equivalence,,,E_LK_R_A2_p4.0
Circles,E_LK_R,A3,,0.13588761492804655,1.447619945167292,313.2808868342527,2,Fuzzy_Equivalence,,,E_LK_R_A3
Circles,E_LK_R,A4,,0.36224192709448483,0.656734737676399,670.5397634352971,2,Fuzzy_Equivalence,,,E_LK_R_A4
Circles,E_GG_R,A2,0.1,0.0,inf,0.0,0,Fuzzy_Equivalence,,Unknown fuzzy equivalence function: E_GG_R,E_GG_R_A2_p0.1
Circles,E_GG_R,A2,1.0,0.0,inf,0.0,0,Fuzzy_Equivalence,,Unknown fuzzy equivalence function: E_GG_R,E_GG_R_A2_p1.0
Circles,E_GG_R,A2,4.0,0.0,inf,0.0,0,Fuzzy_Equivalence,,Unknown fuzzy equivalence function: E_GG_R,E_GG_R_A2_p4.0
Circles,E_GG_R,A3,,0.0,inf,0.0,0,Fuzzy_Equivalence,,Unknown fuzzy equivalence function: E_GG_R,E_GG_R_A3
Circles,E_GG_R,A4,,0.0,inf,0.0,0,Fuzzy_Equivalence,,Unknown fuzzy equivalence function: E_GG_R,E_GG_R_A4
Circles,E_GD_R,A2,0.1,0.0029678680645250544,1.9871007963625595,299.71098736660775,2,Fuzzy_Equivalence,,,E_GD_R_A2_p0.1
Circles,E_GD_R,A2,1.0,0.11473703676370131,1.1456388326989717,322.29030203568357,2,Fuzzy_Equivalence,,,E_GD_R_A2_p1.0
Circles,E_GD_R,A2,4.0,0.28631456971722125,0.5704487729969887,376.2306081505234,2,Fuzzy_Equivalence,,,E_GD_R_A2_p4.0
Circles,E_GD_R,A3,,0.0,inf,0.0,1,Fuzzy_Equivalence,,,E_GD_R_A3
Circles,E_GD_R,A4,,0.4652435473993367,0.30074639487029264,473.7082187014047,2,Fuzzy_Equivalence,,,E_GD_R_A4
Circles,E_FD_R,A2,0.1,0.3862469934293915,0.6916487604888331,431.1572151655773,2,Fuzzy_Equivalence,,,E_FD_R_A2_p0.1
Circles,E_FD_R,A2,1.0,0.3813884971589321,0.5923804084053057,502.9917029295841,2,Fuzzy_Equivalence,,,E_FD_R_A2_p1.0
Circles,E_FD_R,A2,4.0,0.4330206760093419,0.4019595289222934,739.1704546882185,2,Fuzzy_Equivalence,,,E_FD_R_A2_p4.0
Circles,E_FD_R,A3,,0.28803956978520656,0.9955106070951294,312.40870694757564,2,Fuzzy_Equivalence,,,E_FD_R_A3
Circles,E_FD_R,A4,,0.6135093394432848,0.18925020971548212,1505.6307087386242,2,Fuzzy_Equivalence,,,E_FD_R_A4
Circles,E_3,A2,0.1,0.0028032045776920102,1.9878567662277211,299.6217961139652,2,Fuzzy_Equivalence,,,E_3_A2_p0.1
Circles,E_3,A2,1.0,0.10595240665549714,1.2121612012641307,325.38258299003843,2,Fuzzy_Equivalence,,,E_3_A2_p1.0
Circles,E_3,A2,4.0,0.2506741186696708,0.6816782499446462,376.9838625962475,2,Fuzzy_Equivalence,,,E_3_A2_p4.0
Circles,E_3,A3,,0.0,inf,0.0,1,Fuzzy_Equivalence,,,E_3_A3
Circles,E_3,A4,,0.37995354432241046,0.4327454068269915,445.62488840326944,2,Fuzzy_Equivalence,,,E_3_A4
Circles,E_4,A2,0.1,0.003063408769385711,1.986657532627992,299.7633557418244,2,Fuzzy_Equivalence,,,E_4_A2_p0.1
Circles,E_4,A2,1.0,0.1144918453700333,1.1177714052943253,317.127448178405,2,Fuzzy_Equivalence,,,E_4_A2_p1.0
Circles,E_4,A2,4.0,0.2929176084639334,0.5239641983533057,362.2556641715913,2,Fuzzy_Equivalence,,,E_4_A2_p4.0
Circles,E_4,A3,,0.0,inf,0.0,1,Fuzzy_Equivalence,,,E_4_A3
Circles,E_4,A4,,0.4962298654323095,0.24568896354469028,459.7637897671885,2,Fuzzy_Equivalence,,,E_4_A4
Circles,E_5,A2,0.1,0.0021773789151272333,1.9907947066537013,299.25616953103264,2,Fuzzy_Equivalence,,,E_5_A2_p0.1
Circles,E_5,A2,1.0,0.11433836775922823,1.3806192737097955,342.28274151483527,2,Fuzzy_Equivalence,,,E_5_A2_p1.0
Circles,E_5,A2,4.0,0.23475116840381408,0.962229317878954,403.65856496023406,2,Fuzzy_Equivalence,,,E_5_A2_p4.0
Circles,E_5,A3,,0.0,inf,0.0,1,Fuzzy_Equivalence,,,E_5_A3
Circles,E_5,A4,,0.3143775312108385,0.7659273882719846,455.84336663121377,2,Fuzzy_Equivalence,,,E_5_A4
Circles,E_6,A2,0.1,0.22038624761696093,1.0313692781456858,385.2733733152857,2,Fuzzy_Equivalence,,,E_6_A2_p0.1
Circles,E_6,A2,1.0,0.22955651007900285,0.9519176473856539,417.358424648783,2,Fuzzy_Equivalence,,,E_6_A2_p1.0
Circles,E_6,A2,4.0,0.27265872889544807,0.7860370499044174,505.1271805324444,2,Fuzzy_Equivalence,,,E_6_A2_p4.0
Circles,E_6,A3,,0.15510667029024733,1.3007084834555145,309.94197714580247,2,Fuzzy_Equivalence,,,E_6_A3
Circles,E_6,A4,,0.35253929884017887,0.6031268113157942,649.0555511704414,2,Fuzzy_Equivalence,,,E_6_A4
